"DESCRIPTION","DURATION IN MS","NAME","PARENT SUITE","START TIME","STATUS","STOP TIME","SUB SUITE","SUITE","TEST CLASS","TEST METHOD"
"","358","Locked user","chromium","2026-09-30","passed","2026-09-30","Login","smoke/login.spec.ts","",""
"","467","Products are displayed","chromium","2026-09-30","passed","2026-09-30","Product Catalog","smoke/catalog.spec.ts","",""
"","384","Invalid credentials","chromium","2026-09-30","passed","2026-09-30","Login","smoke/login.spec.ts","",""
"","479","Sort products high to low","chromium","2026-09-30","passed","2026-09-30","Product Catalog","smoke/catalog.spec.ts","",""
"","374","Empty password shows required message","chromium","2026-09-30","passed","2026-09-30","Login","smoke/login.spec.ts","",""
"","414","Sort products low to high","chromium","2026-09-30","passed","2026-09-30","Product Catalog","smoke/catalog.spec.ts","",""
"","452","Successful login","chromium","2026-09-30","passed","2026-09-30","Login","smoke/login.spec.ts","",""
"","4477","authenticate","setup","2026-09-30","passed","2026-09-30","","auth.setup.ts","",""
"","353","Empty username shows required message","chromium","2026-09-30","passed","2026-09-30","Login","smoke/login.spec.ts","",""
"","436","Validate main components on Inventory page","chromium","2026-09-30","passed","2026-09-30","Inventory components validations","smoke/inventory_components_validations.spec.ts","",""
